Make,Model,Trim,Start Year,End Year,Showroom Base Weight (lbs),Factory Rated HP,Factory Rated Torque,Power (2/3HP + 1/3Torque),Weight/ Power,Scaled Weight/ Power,SUSP Index,Performance Adjustment,Showroom Assessment,Base Classification,p,q,Selected,Assessment,,
Acura,Integra   ,,1993,1993,2623,140,126,135.3,19.4,29.6,50,-5,24.6,T5 ,,,,,,
Acura,Integra,Type R,1995,2001,2639,195,130,173.3,15.2,47.3,70,5,52.3,T4 ,FALSE,,FALSE,,5,FALSE
Acura,NSX,,1991,1992,2976,270,210,250,11.9,61.4,80,10,71.4,T3,FALSE,,FALSE,,10,FALSE
Acura,NSX,,1993,1997,3093,270,210,250,12.4,59.4,80,10,69.4,T3,FALSE,,FALSE,,10,FALSE
Acura,NSX,,1998,2001,3160,290,224,268,11.8,61.9,80,10,71.9,T3,FALSE,,FALSE,,10,FALSE
Acura,NSX,,2002,2005,2954,290,224,268,11,65.2,80,10,75.2,T2,FALSE,,FALSE,,10,FALSE
Acura,NSX,,2017,2022,3854,573,476,540.7,7.1,81.7,105,22.5,104.2,T1 ,FALSE,,FALSE,,22.5,FALSE
Acura,RSX,Type S,2002,2002,2767,200,142,180.7,15.3,46.9,60,0,46.9,T4 ,FALSE,,FALSE,,0,FALSE
Alfa Romeo,2000 Spider Veloce,,1974,1976,2320,110,110,110,21.1,22.4,45,-7.5,14.9,T5 ,FALSE,,FALSE,,-7.5,FALSE
Alfa Romeo,Giulia 2.0T AWD,,2017,2017,3600,280,306,288.7,12.5,59,60,0,59,T4 ,FALSE,,FALSE,,0,FALSE
Alfa Romeo ,Giulia Q4 ti,,2018,2018,3632,280,306,288.7,12.6,58.5,60,0,58.5,T4 ,,,,,,
Ariel,Atom,,2006,2006,1431,245,150,213.3,6.7,83.5,100,20,103.5,T1 ,FALSE,,FALSE,,20,FALSE
Ariel,Atom 500,,2008,2008,1213,500,284,428,2.8,100,100,20,120,T1 ,FALSE,,FALSE,,20,FALSE
Aston Martin,DB5,,1963,1965,3310,282,288,284,11.7,62.5,40,-10,52.5,T4 ,FALSE,,FALSE,,-10,FALSE
Aston Martin,DBS V12,,2007,2012,3740,510,420,480,7.8,78.9,80,10,88.9,T2,FALSE,,FALSE,,10,FALSE
Aston Martin,Vantage,,2012,,3595,420,346,395.3,9.1,73.4,80,10,83.4,T2,FALSE,,FALSE,,10,FALSE
Audi,A4 1.8T Quattro,,1996,2001,3241,150,155,151.7,21.4,21.2,60,0,21.2,T5 ,FALSE,,FALSE,,0,FALSE
Audi,A4 2.0 T quattro,,2005,2005,3517,200,207,202.3,17.4,38.1,60,0,38.1,T5 ,FALSE,,FALSE,,0,FALSE
Audi,A4 2.0 T quattro,,2006,2008,3549,200,207,202.3,17.5,37.5,60,0,37.5,T5 ,FALSE,,FALSE,,0,FALSE
Audi,A4 2.8 Quattro,,1996,2001,3384,190,207,195.7,17.3,38.5,60,0,38.5,T5 ,FALSE,,FALSE,,0,FALSE
Audi,A4 3.0 Quattro,,2002,2005,3583,220,221,220.3,16.3,42.9,60,0,42.9,T5 ,FALSE,,FALSE,,0,FALSE
Audi,A4 3.2 quattro,,2006,2006,3649,255,243,251,14.5,50.2,60,0,50.2,T4 ,FALSE,,FALSE,,0,FALSE
Audi,A4 TT FWD,,1998,2006,2910,180,173,177.7,16.4,42.4,60,0,42.4,T5 ,FALSE,,FALSE,,0,FALSE
Audi,Coupe GT,,1987,1987,2507,134,137,135,18.6,33.1,30,-15,18.1,T5 ,FALSE,,FALSE,,-15,FALSE
Audi,R8 V10,,2006,,3583,518,391,475.7,7.5,80,90,15,95,T1 ,FALSE,,FALSE,,15,FALSE
Audi,R8 V8,,2006,,3450,414,317,381.7,9,73.6,90,15,88.6,T2,FALSE,,FALSE,,15,FALSE
Audi,S4,,1991,1994,3814,227,258,237.3,16.1,43.7,55,-2.5,41.2,T5 ,FALSE,,FALSE,,-2.5,FALSE
Audi,S4,,1998,2001,3594,250,258,252.7,14.2,51.5,65,2.5,54,T4 ,FALSE,,FALSE,,2.5,FALSE
Audi,S4,,2003,2005,3660,340,302,327.3,11.2,64.5,65,2.5,67,T3,FALSE,,FALSE,,2.5,FALSE
Audi,S4,,2006,2008,3869,340,302,327.3,11.8,61.8,65,2.5,64.3,T3,FALSE,,FALSE,,2.5,FALSE
Audi,S4,,2009,,3637,333,325,330.3,11,65.2,70,5,70.2,T3,FALSE,,FALSE,,5,FALSE
Audi,S6,,1999,2003,4024,340,310,330,12.2,60.2,60,0,60.2,T3,FALSE,,FALSE,,0,FALSE
Audi,S6,,2006,2011,4024,429,398,418.7,9.6,71.2,65,2.5,73.7,T3,FALSE,,FALSE,,2.5,FALSE
Audi,S6 Quattro,,1994,1997,3825,227,240,231.3,16.5,41.7,55,-2.5,39.2,T5 ,FALSE,,FALSE,,-2.5,FALSE
Audi,TT RS,,2012,2013,3307,360,343,354.3,9.3,72.3,80,10,82.3,T2,FALSE,,FALSE,,10,FALSE
Audi,TTS,,2009,2015,3200,265,258,262.7,12.2,60.2,65,2.5,62.7,T3,FALSE,,FALSE,,2.5,FALSE
Austin Healy,3000 MK III,,1959,1967,2550,150,165,155,16.5,42.1,20,-20,22.1,T5 ,FALSE,,FALSE,,-20,FALSE
BMW,2002,,1974,,2317,100,106,102,22.7,15.5,30,-15,0.5,T5 ,FALSE,,FALSE,,-15,FALSE
BMW,128i,,2008,2013,3252,230,200,220,14.8,49.2,68,4,53.2,T4 ,FALSE,,FALSE,,4,FALSE
BMW,135i Coupe inc'l M-Sport,,2004,2013,3373,300,300,300,11.2,64.2,70,5,69.2,T3,FALSE,,FALSE,,5,FALSE
BMW,135is,,2013,,3373,320,317,319,10.6,67.1,75,7.5,74.6,T3,FALSE,,FALSE,,7.5,FALSE
BMW,318i,,1990,1991,2657,134,127,131.7,20.2,26.2,60,0,26.2,T5 ,FALSE,,FALSE,,0,FALSE
BMW,318is,,1990,1991,2602,134,127,131.7,19.8,28,60,0,28,T5 ,FALSE,,FALSE,,0,FALSE
BMW,318ti,,1993,2000,2745,140,129,136.3,20.1,26.4,60,0,26.4,T5 ,FALSE,,FALSE,,0,FALSE
BMW,318ti with S52 swap,,1991,1991,2602,240,236,238.7,10.9,65.7,60,0,65.7,T3,FALSE,,FALSE,,0,FALSE
BMW,320i,,2013,,3295,180,184,181.3,18.2,34.8,70,5,39.8,T5 ,FALSE,,FALSE,,5,FALSE
BMW,323ci,,2000,,3153,170,181,173.7,18.2,34.8,60,0,34.8,T5 ,FALSE,,FALSE,,0,FALSE
BMW,325i,,1987,1991,2854,168,164,166.7,17.1,39.2,55,-2.5,36.7,T5 ,FALSE,,FALSE,,-2.5,FALSE
BMW,325i,,1992,1995,3087,189,181,186.3,16.6,41.6,60,0,41.6,T5 ,FALSE,,FALSE,,0,FALSE
BMW,325i,,2001,2005,3241,184,175,181,17.9,35.9,60,0,35.9,T5 ,FALSE,,FALSE,,0,FALSE
BMW,325is,,1992,1995,3087,189,181,186.3,16.6,41.6,65,2.5,44.1,T5 ,FALSE,,FALSE,,2.5,FALSE
BMW,328is,,1996,1999,3120,190,206,195.3,16,44.1,65,2.5,46.6,T4 ,FALSE,,FALSE,,2.5,FALSE
BMW,328iX,,2012,2019,3498,240,255,245,14.3,51.3,70,5,56.3,T4 ,FALSE,,FALSE,,5,FALSE
BMW,328xi,,2010,2010,3605,230,200,220,16.4,42.4,70,5,47.4,T4 ,,,,,,
BMW,330Ci,,2003,2003,3285,228,221,225.7,14.6,50.1,65,2.5,52.6,T4 ,FALSE,,FALSE,,2.5,FALSE
BMW,330Ci ZHP,,2003,2005,3285,235,222,230.7,14.2,51.5,70,5,56.5,T4 ,FALSE,,FALSE,,5,FALSE
BMW,330i,,2006,2006,3417,255,221,243.7,14,52.4,70,5,57.4,T4 ,FALSE,,FALSE,,5,FALSE
BMW,330i Sports Package,,2001,2005,3318,225,216,222,14.9,48.5,70,5,53.5,T4 ,FALSE,,FALSE,,5,FALSE
BMW,335d RWD Sedan,,2007,2011,3781,265,425,318.3,11.9,61.5,70,5,66.5,T3,FALSE,,FALSE,,5,FALSE
BMW,335i RWD Coupe,,2007,,3571,300,300,300,11.9,61.4,70,5,66.4,T3,FALSE,,FALSE,,5,FALSE
BMW,335i RWD Sedan,,2006,2009,3594,300,300,300,12,61.1,70,5,66.1,T3,FALSE,,FALSE,,5,FALSE
BMW,335xi,,2008,2008,3814,300,295,298.3,12.8,57.7,70,5,62.7,T3,FALSE,,FALSE,,5,FALSE
BMW,340XI,,2017,,3802,320,332,324,11.7,62.1,70,5,67.1,T3,FALSE,,FALSE,,5,FALSE
BMW,528i,,1995,2000,3252,190,210,196.7,16.5,41.7,65,2.5,44.2,T5 ,FALSE,,FALSE,,2.5,FALSE
BMW,530i,,2000,2003,3472,228,220,225.3,15.4,46.5,65,2.5,49,T4 ,FALSE,,FALSE,,2.5,FALSE
BMW,535i,,1985,1988,3249,182,214,192.7,16.9,40.3,40,-10,30.3,T5 ,FALSE,,FALSE,,-10,FALSE
BMW,540i,,1996,2003,3803,282,320,294.7,12.9,57.1,65,2.5,59.6,T4 ,FALSE,,FALSE,,2.5,FALSE
BMW,E30 M3,,1987,1991,2866,192,170,184.7,15.5,46,70,5,51,T4 ,FALSE,,FALSE,,5,FALSE
BMW,E36 M3  (3.0),,1995,1995,3175,240,225,235,13.5,54.6,81,10.5,65.1,T3,FALSE,,FALSE,,10.5,FALSE
BMW,E36 M3 (3.2),,1997,1999,3175,240,236,238.7,13.3,55.5,81,10.5,66,T3,FALSE,,FALSE,,10.5,FALSE
BMW,E46 M3,,2001,2006,3415,333,269,311.7,11,65.4,80,10,75.4,T2,FALSE,,FALSE,,10,FALSE
BMW,E90 M3,,2007,2008,3704,414,295,374.3,9.9,69.9,80,10,79.9,T2,FALSE,,FALSE,,10,FALSE
BMW,F80 M3,,2015,2018,3540,425,406,418.7,8.5,76.1,90,15,91.1,T2,FALSE,,FALSE,,15,FALSE
BMW,F82 M4 GTS coupe,,2016,2020,3494,493,443,476.3,7.3,80.8,90,15,95.8,T1 ,FALSE,,FALSE,,15,FALSE
BMW,F82/83 M4 ,,2015,2020,3530,425,406,418.7,8.4,76.2,90,15,91.2,T2,FALSE,,FALSE,,15,FALSE
BMW,F82/83 M4 Competition,,2015,2020,3530,444,450,446,7.9,78.4,100,20,98.4,T1 ,FALSE,,FALSE,,20,FALSE
BMW,G82/83 M4 ,,2021,,3690,473,406,450.7,8.2,77.2,90,15,92.2,T2,FALSE,,FALSE,,15,FALSE
BMW,G82/83 M4 Competition,,2021,,3746,503,479,495,7.6,79.8,100,20,99.8,T1 ,FALSE,,FALSE,,20,FALSE
BMW,M Coupe,,1998,2000,3131,240,236,238.7,13.1,56.2,70,5,61.2,T3,FALSE,,FALSE,,5,FALSE
BMW,M Coupe,,2001,2002,3131,315,261,297,10.5,67.2,70,5,72.2,T3,FALSE,,FALSE,,5,FALSE
BMW,M Roadster,,1998,2000,3084,240,236,238.7,12.9,57.1,65,2.5,59.6,T4 ,FALSE,,FALSE,,2.5,FALSE
BMW,M Roadster,,2001,2002,3084,315,261,297,10.4,67.9,65,2.5,70.4,T3,FALSE,,FALSE,,2.5,FALSE
BMW,M2,,2016,,3455,365,343,357.7,9.7,70.9,85,12.5,83.4,T2,FALSE,,FALSE,,12.5,FALSE
BMW,M2 Competition,,2019,2020,3472,405,406,405.3,8.6,75.6,85,12.5,88.1,T2,FALSE,,FALSE,,12.5,FALSE
BMW,M2 CS,,2020,2020,3455,444,406,431.3,8,78,90,15,93,T2,FALSE,,FALSE,,15,FALSE
BMW,M235i,,2016,,3650,320,330,323.3,11.3,64,80,10,74,T3,FALSE,,FALSE,,10,FALSE
BMW,M240i,,2022,2023,3871,382,369,377.7,10.2,68.4,90,15,83.4,T2,,,,,,
BMW,M3 CSL,,1995,1995,2950,240,225,235,12.6,58.6,81,10.5,69.1,T3,FALSE,,FALSE,,10.5,FALSE
BMW,M5,,1985,1988,3417,256,243,251.7,13.6,54.3,55,-2.5,51.8,T4 ,FALSE,,FALSE,,-2.5,FALSE
BMW,M5,,1989,1995,3858,311,266,296,13,56.6,60,0,56.6,T4 ,FALSE,,FALSE,,0,FALSE
BMW,M5,,1998,2003,4026,394,368,385.3,10.4,67.6,65,2.5,70.1,T3,FALSE,,FALSE,,2.5,FALSE
BMW,M5,,2005,2010,4090,500,380,460,8.9,74.2,70,5,79.2,T2,FALSE,,FALSE,,5,FALSE
BMW,M5,,2011,,4288,560,402,507.3,8.5,76.1,70,5,81.1,T2,FALSE,,FALSE,,5,FALSE
BMW,M6,,1983,1989,3565,256,243,251.7,14.2,51.8,60,0,51.8,T4 ,FALSE,,FALSE,,0,FALSE
BMW,M6,,2005,2010,3770,500,380,460,8.2,77.2,70,5,82.2,T2,FALSE,,FALSE,,5,FALSE
BMW,M6,,2012,,4242,560,402,507.3,8.4,76.5,70,5,81.5,T2,FALSE,,FALSE,,5,FALSE
BMW,m8   ,,2020,2020,4295,615,553,594.3,7.2,81.3,85,12.5,93.8,T2,,,,,,
BMW,M8 competition grand coupe ,,2020,2023,4480,617,553,595.7,7.5,80,80,10,90,T2,FALSE,,FALSE,,10,FALSE
BMW,X1,,2025,2025,3750,241,295,259,14.5,50.5,70,5,55.5,T4 ,,,,,,
BMW,X3M Competition,,2020,2020,4620,502,442,482,9.6,71.3,75,7.5,78.8,T2,,,,,,
BMW,Z3 1.9L,,1996,1996,2690,138,133,136.3,19.7,28.1,60,0,28.1,T5 ,FALSE,,FALSE,,0,FALSE
BMW,Z3 2.3L,,2000,2000,2899,170,181,173.7,16.7,41.1,60,0,41.1,T5 ,FALSE,,FALSE,,0,FALSE
BMW,Z3 2.8,,2000,2000,2910,193,206,197.3,14.7,49.3,60,0,49.3,T4 ,FALSE,,FALSE,,0,FALSE
BMW,Z4 3.0si,,2006,2008,3086,255,220,243.3,12.7,58.1,70,5,63.1,T3,FALSE,,FALSE,,5,FALSE
BMW,Z4 M Roadster,,2006,2008,3197,330,262,307.3,10.4,67.8,75,7.5,75.3,T2,FALSE,,FALSE,,7.5,FALSE
BMW,Z4 sDrive 30i 4 cyl turbo,,2020,,3287,255,295,268.3,12.2,59.9,85,12.5,72.4,T3,FALSE,,FALSE,,12.5,FALSE
BMW,Z4 sDrive M40i 6 Cyl,,2021,,3457,382,369,377.7,9.2,73.1,85,12.5,85.6,T2,FALSE,,FALSE,,12.5,FALSE
BMW,Z8,,1999,2003,3494,400,370,390,9,73.9,75,7.5,81.4,T2,FALSE,,FALSE,,7.5,FALSE
Bugatti,Veyron,,2005,2011,4162,987,922,965.3,4.3,93.7,95,17.5,111.2,T1 ,FALSE,,FALSE,,17.5,FALSE
Cadillac,ATS-V Coupe,,2016,2017,3760,464,445,457.7,8.2,77.1,90,15,92.1,T2,FALSE,,FALSE,,15,FALSE
Cadillac,ATS-V Sedan V6,,2016,2019,3803,335,285,318.3,11.9,61.2,90,15,76.2,T2,FALSE,,FALSE,,15,FALSE
Cadillac,CTS-V,,2004,2007,3850,400,395,398.3,9.7,70.9,55,-2.5,68.4,T3,FALSE,,FALSE,,-2.5,FALSE
Cadillac,CTS-V,,2009,,4250,556,551,554.3,7.7,79.4,60,0,79.4,T2,FALSE,,FALSE,,0,FALSE
Chevrolet,Camaro LS,,2010,,3750,312,278,300.7,12.5,59,65,2.5,61.5,T3,FALSE,,FALSE,,2.5,FALSE
Chevrolet,Camaro RS,,1994,1997,3473,200,225,208.3,16.7,41.2,60,0,41.2,T5 ,FALSE,,FALSE,,0,FALSE
Chevrolet,Camaro RS,,1998,2001,3349,190,225,201.7,16.6,41.4,65,2.5,43.9,T5 ,FALSE,,FALSE,,2.5,FALSE
Chevrolet,Camaro SS,,2010,,3860,426,420,424,9.1,73.3,65,2.5,75.8,T2,FALSE,,FALSE,,2.5,FALSE
Chevrolet,Camaro SS,,2018,,3685,455,455,455,8.1,77.6,75,7.5,85.1,T2,FALSE,,FALSE,,7.5,FALSE
Chevrolet,Camaro SS 1LE,,2017,,3743,455,455,455,8.2,77,85,12.5,89.5,T2,FALSE,,FALSE,,12.5,FALSE
Chevrolet,Camaro SS L99 Automatic,,2010,2013,3913,400,410,403.3,9.7,70.8,65,2.5,73.3,T3,FALSE,,FALSE,,2.5,FALSE
Chevrolet,Camaro Z28,,1994,1997,3473,275,325,291.7,11.9,61.4,60,0,61.4,T3,FALSE,,FALSE,,0,FALSE
Chevrolet,Camaro Z28,,1998,2001,3459,284,322,296.7,11.7,62.4,65,2.5,64.9,T3,FALSE,,FALSE,,2.5,FALSE
Chevrolet,Camaro Z28,,2014,2015,3856,505,481,497,7.8,79,75,7.5,86.5,T2,FALSE,,FALSE,,7.5,FALSE
Chevrolet,Camaro ZL1,,2012,2015,4118,580,556,572,7.2,81.4,75,7.5,88.9,T2,FALSE,,FALSE,,7.5,FALSE
Chevrolet,Camaro ZL1,,2017,,3886,650,650,650,6,86.6,85,12.5,99.1,T1 ,FALSE,,FALSE,,12.5,FALSE
Chevrolet,Camaro ZL1 1LE,,2019,,3886,650,650,650,6,86.6,90,15,101.6,T1 ,FALSE,,FALSE,,15,FALSE
Chevrolet,Corvet,,1994,1994,3512,300,340,313.3,11.2,64.4,76,8,72.4,T3,,,,,,
Chevrolet,Corvette,,1986,1986,3200,230,330,263.3,12.2,60.4,70,5,65.4,T3,FALSE,,FALSE,,5,FALSE
Chevrolet,Corvette (C5) Coupe/Convertible,,1997,2000,3230,345,350,346.7,9.3,72.4,80,10,82.4,T2,FALSE,,FALSE,,10,FALSE
Chevrolet,Corvette (C5) Coupe/Convertible,,2001,2004,3230,350,360,353.3,9.1,73.1,80,10,83.1,T2,FALSE,,FALSE,,10,FALSE
Chevrolet,Corvette (C5) Z06,,2001,2001,3130,385,385,385,8.1,77.4,80,10,87.4,T2,FALSE,,FALSE,,10,FALSE
Chevrolet,Corvette (C5) Z06,,2002,2004,3116,405,400,403.3,7.7,79.2,80,10,89.2,T2,FALSE,,FALSE,,10,FALSE
Chevrolet,Corvette (C6) Coupe Z06,,2006,2007,3133,505,470,493.3,6.4,85,90,15,100,T1 ,FALSE,,FALSE,,15,FALSE
Chevrolet,Corvette (C6) Coupe Z06,,2008,2008,3161,506,470,494,6.4,84.8,90,15,99.8,T1 ,FALSE,,FALSE,,15,FALSE
Chevrolet,Corvette (C6) Coupe Z06,,2009,2013,3199,506,470,494,6.5,84.5,90,15,99.5,T1 ,FALSE,,FALSE,,15,FALSE
Chevrolet,Corvette (C6) Coupe Z51,,2005,2007,3179,400,400,400,7.9,78.2,87,13.5,91.7,T2,FALSE,,FALSE,,13.5,FALSE
Chevrolet,Corvette (C6) Coupe Z51,,2008,2009,3216,430,424,428,7.5,80.1,87,13.5,93.6,T2,FALSE,,FALSE,,13.5,FALSE
Chevrolet,Corvette (C6) Coupe/Convertible,,2005,2007,3179,400,400,400,7.9,78.2,85,12.5,90.7,T2,FALSE,,FALSE,,12.5,FALSE
Chevrolet,Corvette (C6) Coupe/Convertible,,2008,2013,3208,430,424,428,7.5,80.1,85,12.5,92.6,T2,FALSE,,FALSE,,12.5,FALSE
Chevrolet,Corvette (C6) Grand Sport Coupe,,2010,2013,3289,430,424,428,7.7,79.3,90,15,94.3,T2,FALSE,,FALSE,,15,FALSE
Chevrolet,Corvette (C7) Coupe Z06,,2014,2019,3550,625,635,628.3,5.6,88,100,20,108,T1 ,FALSE,,FALSE,,20,FALSE
Chevrolet,Corvette (C7) Coupe Z06 Aero pack,,2014,2019,3550,625,635,628.3,5.6,88,105,22.5,110.5,T1 ,FALSE,,FALSE,,22.5,FALSE
Chevrolet,Corvette (C7) Coupe Z51,,2014,2019,3444,460,460,460,7.5,80.2,95,17.5,97.7,T1 ,FALSE,,FALSE,,17.5,FALSE
Chevrolet,Corvette (C7) Coupe/Convertible,,2014,2019,3347,455,460,456.7,7.3,80.9,90,15,95.9,T1 ,FALSE,,FALSE,,15,FALSE
Chevrolet,Corvette (C7) Grand Sport,,2017,2019,3445,460,465,461.7,7.5,80.3,100,20,100.3,T1 ,FALSE,,FALSE,,20,FALSE
Chevrolet,Corvette (C8),,2020,,3640,490,465,481.7,7.6,79.9,105,22.5,102.4,T1 ,FALSE,,FALSE,,22.5,FALSE
Chevrolet,Corvette (C8) Z06,,2023,,3750,670,470,603.3,6.2,85.6,115,27.5,113.1,T1 ,FALSE,,FALSE,,27.5,FALSE
Chevrolet,Corvette (C8) Z51,,2020,,3640,490,465,481.7,7.6,79.9,110,25,104.9,T1 ,FALSE,,FALSE,,25,FALSE
Chevrolet,SS Sedan,,2016,,3946,415,415,415,9.5,71.6,65,2.5,74.1,T3,FALSE,,FALSE,,2.5,FALSE
Datsun,240Z,,1973,1973,2355,150,146,148.7,15.8,44.7,55,-2.5,42.2,T5 ,FALSE,,FALSE,,-2.5,FALSE
Datsun,280Z,,1975,1978,2692,170,177,172.3,15.6,45.6,55,-2.5,43.1,T5 ,FALSE,,FALSE,,-2.5,FALSE
Dodge,Challenger Hellcat,,2015,,4469,707,650,688,6.5,84.4,70,5,89.4,T2,FALSE,,FALSE,,5,FALSE
Dodge,Challenger SRT8,,2011,,4170,470,470,470,8.9,74.3,60,0,74.3,T3,FALSE,,FALSE,,0,FALSE
Dodge,Neon ACR,,1995,1999,2463,150,133,144.3,17.1,39.5,60,0,39.5,T5 ,FALSE,,FALSE,,0,FALSE
Dodge,Neon Sport,,2000,2005,2567,132,130,131.3,19.5,28.9,55,-2.5,26.4,T5 ,FALSE,,FALSE,,-2.5,FALSE
Dodge,Neon Sport (SOHC),,1997,1997,2491,132,130,131.3,19,31.4,55,-2.5,28.9,T5 ,FALSE,,FALSE,,-2.5,FALSE
Dodge,Neon SRT-4,,2000,2005,2970,215,245,225,13.2,55.9,60,0,55.9,T4 ,FALSE,,FALSE,,0,FALSE
Dodge,Shelby Charger Turbo,,1987,1987,2500,175,175,175,14.3,51.3,30,-15,36.3,T5 ,FALSE,,FALSE,,-15,FALSE
Dodge,Viper GTS,,1996,2002,3383,450,490,463.3,7.3,81,80,10,91,T2,FALSE,,FALSE,,10,FALSE
Dodge,Viper GTS,,2013,,3431,640,560,613.3,5.6,88.2,90,15,103.2,T1 ,FALSE,,FALSE,,15,FALSE
Dodge,Viper RT/10,,1992,1995,3284,400,465,421.7,7.8,78.9,80,10,88.9,T2,FALSE,,FALSE,,10,FALSE
Dodge,Viper SRT-10,,2003,2006,3357,500,525,508.3,6.6,83.9,85,12.5,96.4,T1 ,FALSE,,FALSE,,12.5,FALSE
Dodge,Viper SRT-10,,2008,2010,3408,600,560,586.7,5.8,87.3,85,12.5,99.8,T1 ,FALSE,,FALSE,,12.5,FALSE
Dodge ,Challenger Hellcat Redeye,,2019,,4443,797,707,767,5.8,87.4,70,5,92.4,T2,FALSE,,FALSE,,5,FALSE
Ferrari,250 GTO,,1962,1964,2425,302,246,283.3,8.6,75.6,50,-5,70.6,T3,FALSE,,FALSE,,-5,FALSE
Ferrari,308 GTB/GTS,,1977,1985,2778,240,209,229.7,12.1,60.6,65,2.5,63.1,T3,FALSE,,FALSE,,2.5,FALSE
Ferrari,328 GTB/GTS,,1985,1990,2806,270,225,255,11,65.2,70,5,70.2,T3,FALSE,,FALSE,,5,FALSE
Ferrari,Enzo,,2002,2004,3010,651,485,595.7,5.1,90.5,105,22.5,113,T1 ,FALSE,,FALSE,,22.5,FALSE
Ferrari,F355 Berlinetta,,1994,1999,2976,380,286,348.7,8.5,75.7,85,12.5,88.2,T2,FALSE,,FALSE,,12.5,FALSE
Ferrari,F360 Modena,,1999,2005,3197,400,275,358.3,8.9,74.1,90,15,89.1,T2,FALSE,,FALSE,,15,FALSE
Ferrari,F40,,1987,1992,2400,478,425,460.3,5.2,89.8,85,12.5,102.3,T1 ,FALSE,,FALSE,,12.5,FALSE
Ferrari,F430,,2004,2009,3197,483,343,436.3,7.3,80.9,95,17.5,98.4,T1 ,FALSE,,FALSE,,17.5,FALSE
Ferrari,F458 Italia,,2010,,3274,562,398,507.3,6.5,84.6,95,17.5,102.1,T1 ,FALSE,,FALSE,,17.5,FALSE
Fiat,500 Abarth,,2008,,2500,133,130,132,18.9,31.5,55,-2.5,29,T5 ,FALSE,,FALSE,,-2.5,FALSE
Ford,Escort ZX2,,1998,1998,2531,130,127,129,19.6,28.6,55,-2.5,26.1,T5 ,FALSE,,FALSE,,-2.5,FALSE
Ford,Fiesta ST,,2015,,2742,197,202,198.7,13.8,53.3,60,0,53.3,T4 ,FALSE,,FALSE,,0,FALSE
Ford,Focus Coupe,,2008,2011,2588,140,136,138.7,18.7,32.7,55,-2.5,30.2,T5 ,FALSE,,FALSE,,-2.5,FALSE
Ford,Focus RS,,2016,,3459,350,350,350,9.9,70,85,12.5,82.5,T2,FALSE,,FALSE,,12.5,FALSE
Ford,Focus SE,,2000,2004,2546,100,125,108.3,23.5,12.1,55,-2.5,9.6,T5 ,FALSE,,FALSE,,-2.5,FALSE
Ford,Focus Sedan,,2008,2011,2623,140,136,138.7,18.9,31.6,55,-2.5,29.1,T5 ,FALSE,,FALSE,,-2.5,FALSE
Ford,Focus ST,,2012,,3223,252,270,258,12.5,58.9,70,5,63.9,T3,FALSE,,FALSE,,5,FALSE
Ford,Focus SVT,,2002,2004,2769,170,145,161.7,17.1,39.2,55,-2.5,36.7,T5 ,FALSE,,FALSE,,-2.5,FALSE
Ford,Focus ZX3,,2000,2004,2551,130,135,131.7,19.4,29.7,55,-2.5,27.2,T5 ,FALSE,,FALSE,,-2.5,FALSE
Ford,Focus ZX4 S/SE/SES,,2005,2007,2677,136,133,135,19.8,27.7,55,-2.5,25.2,T5 ,FALSE,,FALSE,,-2.5,FALSE
Ford,Focus ZX4 ST,,2005,2007,2677,151,154,152,17.6,37.1,60,0,37.1,T5 ,FALSE,,FALSE,,0,FALSE
Ford,GT,,2005,2006,3351,550,500,533.3,6.3,85.3,85,12.5,97.8,T1 ,FALSE,,FALSE,,12.5,FALSE
Ford,Mustang,,1964,1965,2562,271,312,284.7,9,73.8,10,-25,48.8,T4 ,FALSE,,FALSE,,-25,FALSE
Ford,Mustang Boss,,2012,2013,3632,444,380,422.7,8.6,75.5,70,5,80.5,T2,FALSE,,FALSE,,5,FALSE
Ford,Mustang Boss 302,,1969,1970,3384,290,290,290,11.7,62.4,15,-22.5,39.9,T5 ,FALSE,,FALSE,,-22.5,FALSE
Ford,Mustang Bullet,,2019,2019,3829,480,420,460,8.3,76.6,85,12.5,89.1,T2,,,,,,
Ford,Mustang Cobra,,1996,1998,3404,305,300,303.3,11.2,64.3,50,-5,59.3,T4 ,FALSE,,FALSE,,-5,FALSE
Ford,Mustang Cobra,,1999,2001,3430,320,317,319,10.8,66.3,60,0,66.3,T3,FALSE,,FALSE,,0,FALSE
Ford,Mustang Cobra,,2003,2004,3665,390,390,390,9.4,72.1,60,0,72.1,T3,FALSE,,FALSE,,0,FALSE
Ford,Mustang Cobra GT-40,,1994,1995,3524,240,285,255,13.8,53.3,50,-5,48.3,T4 ,FALSE,,FALSE,,-5,FALSE
Ford,Mustang Cobra R,,1995,1995,3354,280,343,301,11.1,64.6,50,-5,59.6,T4 ,FALSE,,FALSE,,-5,FALSE
Ford,Mustang Cobra R,,2000,2000,3589,385,385,385,9.3,72.4,60,0,72.4,T3,FALSE,,FALSE,,0,FALSE
Ford,Mustang GT,,1994,1995,3276,215,285,238.3,13.7,53.6,45,-7.5,46.1,T4 ,FALSE,,FALSE,,-7.5,FALSE
Ford,Mustang GT,,1996,1997,3277,215,285,238.3,13.7,53.6,45,-7.5,46.1,T4 ,FALSE,,FALSE,,-7.5,FALSE
Ford,Mustang GT,,1998,2004,3324,260,302,274,12.1,60.4,50,-5,55.4,T4 ,FALSE,,FALSE,,-5,FALSE
Ford,Mustang GT,,2005,2009,3555,300,320,306.7,11.6,62.7,60,0,62.7,T3,FALSE,,FALSE,,0,FALSE
Ford,Mustang GT,,2010,2010,3533,315,325,318.3,11.1,64.8,60,0,64.8,T3,FALSE,,FALSE,,0,FALSE
Ford,Mustang GT,,2011,2014,3543,412,390,404.7,8.8,74.8,60,0,74.8,T3,FALSE,,FALSE,,0,FALSE
Ford,Mustang GT,,2015,2017,3705,435,400,423.3,8.8,74.8,75,7.5,82.3,T2,FALSE,,FALSE,,7.5,FALSE
Ford,Mustang GT,,2018,,3705,460,420,446.7,8.3,76.7,75,7.5,84.2,T2,FALSE,,FALSE,,7.5,FALSE
Ford,Mustang GT (Roush Stage 3),,2000,2001,3506,360,375,365,9.6,71.2,60,0,71.2,T3,FALSE,,FALSE,,0,FALSE
Ford,Mustang GT Performance Package 1,,2018,,3705,460,420,446.7,8.3,76.7,80,10,86.7,T2,FALSE,,FALSE,,10,FALSE
Ford,Mustang GT Performance Package 2,,2018,,3705,460,420,446.7,8.3,76.7,85,12.5,89.2,T2,FALSE,,FALSE,,12.5,FALSE
Ford,Mustang LX,,1987,1993,3250,225,300,250,13,56.8,45,-7.5,49.3,T4 ,FALSE,,FALSE,,-7.5,FALSE
Ford,Mustang Mach-1,,2021,,3829,480,420,460,8.3,76.6,85,12.5,89.1,T2,FALSE,,FALSE,,12.5,FALSE
Ford,Mustang SVO,,1984,1986,3048,205,248,219.3,13.9,52.9,45,-7.5,45.4,T4 ,FALSE,,FALSE,,-7.5,FALSE
Ford,Mustang SVT Cobra,,1993,1993,3255,235,280,250,13,56.7,45,-7.5,49.2,T4 ,FALSE,,FALSE,,-7.5,FALSE
Ford,Mustang V6,,2005,2009,3350,210,240,220,15.2,47.3,55,-2.5,44.8,T5 ,FALSE,,FALSE,,-2.5,FALSE
Ford,Mustang V6,,2010,2010,3401,210,240,220,15.5,46.3,55,-2.5,43.8,T5 ,FALSE,,FALSE,,-2.5,FALSE
Ford,Mustang V6,,2011,,3401,305,280,296.7,11.5,63.3,60,0,63.3,T3,FALSE,,FALSE,,0,FALSE
Ford,Shelby GT,,2007,2008,3475,325,330,326.7,10.6,66.8,60,0,66.8,T3,FALSE,,FALSE,,0,FALSE
Ford,Shelby GT350 Base (non-Track Pack),,2016,2020,3796,526,429,493.7,7.7,79.3,80,10,89.3,T2,FALSE,,FALSE,,10,FALSE
Ford,Shelby GT350 Base (with Track Pack),,2016,2020,3796,526,429,493.7,7.7,79.3,85,12.5,91.8,T2,FALSE,,FALSE,,12.5,FALSE
Ford,Shelby GT350 R,,2016,,3718,526,429,493.7,7.5,80,90,15,95,T1 ,FALSE,,FALSE,,15,FALSE
Ford,Shelby GT500,,2005,2009,3920,500,480,493.3,7.9,78.2,70,5,83.2,T2,FALSE,,FALSE,,5,FALSE
Ford,Shelby GT500,,2010,2010,3940,540,510,530,7.4,80.4,65,2.5,82.9,T2,FALSE,,FALSE,,2.5,FALSE
Ford,Shelby GT500,,2011,2012,3871,550,510,536.7,7.2,81.3,70,5,86.3,T2,FALSE,,FALSE,,5,FALSE
Ford,Shelby GT500,,2013,2014,3871,662,630,651.3,5.9,86.7,70,5,91.7,T2,FALSE,,FALSE,,5,FALSE
Ford,Shelby GT500,,2020,,4059,760,625,715,5.7,87.9,75,7.5,95.4,T1 ,FALSE,,FALSE,,7.5,FALSE
Ford,Shelby Mustang GT350 Convertible,,1969,1970,3600,290,385,321.7,11.2,64.4,15,-22.5,41.9,T5 ,FALSE,,FALSE,,-22.5,FALSE
Ford,Shelby Mustang GT500,,1967,1967,3370,355,420,376.7,8.9,74,15,-22.5,51.5,T4 ,FALSE,,FALSE,,-22.5,FALSE
Honda,Accord ,,1994,1994,3076,130,139,133,23.1,13.7,50,-5,8.7,T5 ,FALSE,,FALSE,,-5,FALSE
Honda,Civic 3dr non-Si,,1992,1992,2178,102,98,100.7,21.6,20,50,-5,15,T5 ,FALSE,,FALSE,,-5,FALSE
Honda,Civic CX,,1991,1995,2094,70,91,77,27.2,-3.6,50,-5,-8.6,T5 ,FALSE,,FALSE,,-5,FALSE
Honda,Civic Cx w/ K24A swap,,1991,1995,2094,197,171,188.3,11.1,64.7,50,-5,59.7,T4 ,FALSE,,FALSE,,-5,FALSE
Honda,Civic DX,,1995,1995,2231,102,98,100.7,22.2,17.8,50,-5,12.8,T5 ,FALSE,,FALSE,,-5,FALSE
Honda,Civic DX,,1996,1996,2262,127,107,120.3,18.8,32.1,50,-5,27.1,T5 ,FALSE,,FALSE,,-5,FALSE
Honda,Civic DX,,1998,1998,2339,106,103,105,22.3,17.3,50,-5,12.3,T5 ,FALSE,,FALSE,,-5,FALSE
Honda,Civic DX,,2003,2003,2416,115,110,113.3,21.3,21.4,50,-5,16.4,T5 ,FALSE,,FALSE,,-5,FALSE
Honda,Civic DX Coupe,,2006,2006,2593,140,128,136,19.1,31,55,-2.5,28.5,T5 ,FALSE,,FALSE,,-2.5,FALSE
Honda,Civic Hatchback,,1988,1991,2127,70,89,76.3,27.9,-6.4,50,-5,-11.4,T5 ,FALSE,,FALSE,,-5,FALSE
Honda,Civic Hatchback DX,,1990,1991,2127,92,89,91,23.4,12.7,50,-5,7.7,T5 ,FALSE,,FALSE,,-5,FALSE
Honda,Civic Si,,1992,,2326,125,106,118.7,19.6,28.7,55,-2.5,26.2,T5 ,FALSE,,FALSE,,-2.5,FALSE
Honda,Civic SI,,2004,2004,2782,160,132,150.7,18.5,33.5,60,0,33.5,T5 ,,,,,,
Honda,Civic Si,,2006,2011,2899,192,139,174.3,16.6,41.3,65,2.5,43.8,T5 ,FALSE,,FALSE,,2.5,FALSE
Honda,Civic Si,,2012, ,2895,201,170,190.7,15.2,47.5,65,2.5,50,T4 ,FALSE,,FALSE,,2.5,FALSE
Honda,Civic Type R,,2017,,3150,306,295,302.3,10.4,67.7,85,12.5,80.2,T2,FALSE,,FALSE,,12.5,FALSE
Honda,CRS Si,,1987,1987,1953,91,93,91.7,21.3,21.5,55,-2.5,19,T5 ,FALSE,,FALSE,,-2.5,FALSE
Honda,CRX Si,,1985,1986,1883,108,100,105.3,17.9,36,55,-2.5,33.5,T5 ,FALSE,,FALSE,,-2.5,FALSE
Honda,CRX Si,,1988,1988,2011,108,100,105.3,19.1,30.9,55,-2.5,28.4,T5 ,FALSE,,FALSE,,-2.5,FALSE
Honda,S2000,,1999,2003,2870,240,153,211,13.6,54.2,75,7.5,61.7,T3,FALSE,,FALSE,,7.5,FALSE
Honda,S2000 2.2L,,2004,2009,2870,237,162,212,13.5,54.5,80,10,64.5,T3,FALSE,,FALSE,,10,FALSE
Honda,S2000 CR,,2008,2009,2765,237,162,212,13,56.6,85,12.5,69.1,T3,FALSE,,FALSE,,12.5,FALSE
Hyundai,Genesis Coupe,,2010,2011,3315,210,217,212.3,15.6,45.6,75,7.5,53.1,T4 ,FALSE,,FALSE,,7.5,FALSE
Hyundai,Genesis coupe R Spec 2.0T,,2010,2012,3300,210,235,218.3,15.1,47.8,70,5,52.8,T4 ,FALSE,,FALSE,,5,FALSE
Hyundai,Genesis coupe R Spec 2.0T,,2013,2015,3300,275,275,275,12,61,70,5,66,T3,FALSE,,FALSE,,5,FALSE
Hyundai,Genesis Coupe R Spec 3.8,,2011,2012,3389,306,266,292.7,11.6,62.8,80,10,72.8,T3,FALSE,,FALSE,,10,FALSE
Hyundai,Genesis coupe R Spec 3.8,,2013,2016,3389,348,295,330.3,10.3,68.4,70,5,73.4,T3,FALSE,,FALSE,,5,FALSE
Hyundai,Veloster N,,2019,,3036,250,260,253.3,12,61.1,70,5,66.1,T3,FALSE,,FALSE,,5,FALSE
Hyundai,Veloster N w/pref package,,2019,,3036,275,260,270,11.2,64.2,75,7.5,71.7,T3,FALSE,,FALSE,,7.5,FALSE
Infiniti,G35 Coupe,,2003,2006,3420,280,269,276.3,12.4,59.4,65,2.5,61.9,T3,FALSE,,FALSE,,2.5,FALSE
Jaguar,F Type S Coupe,,2015,2016,3514,380,339,366.3,9.6,71.2,75,7.5,78.7,T2,FALSE,,FALSE,,7.5,FALSE
Jaguar,X Type sportwagon,,2005,2005,3747,227,206,220,17,39.6,60,0,39.6,T5 ,FALSE,,FALSE,,0,FALSE
Jaguar,XKR,,2003,2006,3785,390,399,393,9.6,71.1,65,2.5,73.6,T3,FALSE,,FALSE,,2.5,FALSE
Jaguar,XKR-S,,2006,,3968,550,502,534,7.4,80.4,70,5,85.4,T2,FALSE,,FALSE,,5,FALSE
Lamborghini,Aventador,,2011,,3470,690,510,630,5.5,88.6,90,15,103.6,T1 ,FALSE,,FALSE,,15,FALSE
Lamborghini,Gallardo LP 560-4,,2012,,3109,552,398,500.7,6.2,85.6,90,15,100.6,T1 ,FALSE,,FALSE,,15,FALSE
Lamborghini,Murcielago LP 670-4,,2009,2010,3671,661,490,604,6.1,86.2,90,15,101.2,T1 ,FALSE,,FALSE,,15,FALSE
Lexus,IS300,,2001,2005,3255,215,218,216,15.1,48,60,0,48,T4 ,FALSE,,FALSE,,0,FALSE
Lexus,LFA,,2011,2012,3263,552,354,486,6.7,83.5,85,12.5,96,T1 ,FALSE,,FALSE,,12.5,FALSE
Lotus,Elise,,2005,2007,2006,190,138,172.7,11.6,62.6,75,7.5,70.1,T3,FALSE,,FALSE,,7.5,FALSE
Lotus,Esprit,,1996,1998,3043,350,295,331.7,9.2,73,70,5,78,T2,FALSE,,FALSE,,5,FALSE
Maserati,Gran Turismo S,,2008,2012,4100,434,360,409.3,10,69.4,80,10,79.4,T2,FALSE,,FALSE,,10,FALSE
Mazda,3,,2012,,2866,148,135,143.7,19.9,27.2,55,-2.5,24.7,T5 ,FALSE,,FALSE,,-2.5,FALSE
Mazda,MazdaSpeed MX5,,2004,2005,2529,178,166,174,14.5,50.2,70,5,55.2,T4 ,FALSE,,FALSE,,5,FALSE
Mazda,Mazdaspeed Protege,,2003,2003,2843,170,160,166.7,17.1,39.5,60,0,39.5,T5 ,FALSE,,FALSE,,0,FALSE
Mazda,Mazdaspeed3,,2007,2007,3153,263,280,268.7,11.7,62.1,60,0,62.1,T3,FALSE,,FALSE,,0,FALSE
Mazda,Mazdaspeed6,,2006,2007,3589,274,280,276,13,56.7,60,0,56.7,T4 ,FALSE,,FALSE,,0,FALSE
Mazda,Miata NA 1.6,,1989,1993,2222,116,100,110.7,20.1,26.7,65,2.5,29.2,T5 ,FALSE,,FALSE,,2.5,FALSE
Mazda,Miata NA 1.8,,1994,1997,2293,128,114,123.3,18.6,33,65,2.5,35.5,T5 ,FALSE,,FALSE,,2.5,FALSE
Mazda,Miata NB,,1999,2005,2447,140,125,135,18.1,35,65,2.5,37.5,T5 ,FALSE,,FALSE,,2.5,FALSE
Mazda,MX-5 NC,,2006,2015,2525,170,140,160,15.8,44.9,70,5,49.9,T4 ,FALSE,,FALSE,,5,FALSE
Mazda,MX-5 NC SV,,2008,2008,2445,166,140,157.3,15.5,46,70,5,51,T4 ,FALSE,,FALSE,,5,FALSE
Mazda,MX-5 ND,,2016,2018,2332,155,148,152.7,15.3,47.1,75,7.5,54.6,T4 ,FALSE,,FALSE,,7.5,FALSE
Mazda,MX-5 ND,,2019,,2318,181,151,171,13.6,54.4,75,7.5,61.9,T3,FALSE,,FALSE,,7.5,FALSE
Mazda,RX7,,1981,1983,2350,101,107,103,22.8,15,50,-5,10,T5 ,FALSE,,FALSE,,-5,FALSE
Mazda,RX-7,,1986,1988,2700,146,138,143.3,18.8,31.9,60,0,31.9,T5 ,FALSE,,FALSE,,0,FALSE
Mazda,RX-7 (non-turbo),,1989,1991,2787,160,140,153.3,18.2,34.8,60,0,34.8,T5 ,FALSE,,FALSE,,0,FALSE
Mazda,RX-7 Turbo,,1986,1988,2850,182,183,182.3,15.6,45.6,60,0,45.6,T4 ,FALSE,,FALSE,,0,FALSE
Mazda,RX-7 Turbo,,1993,1995,2858,255,217,242.3,11.8,61.9,75,7.5,69.4,T3,FALSE,,FALSE,,7.5,FALSE
Mazda,RX8,,2008,2011,3084,232,159,207.7,14.9,48.9,70,5,53.9,T4 ,,,,,,
Mazda,RX-8,,2003,2008,3051,238,159,211.7,14.4,50.7,70,5,55.7,T4 ,FALSE,,FALSE,,5,FALSE
Mazda,RX-8,,2009,2011,3065,232,159,207.7,14.8,49.3,70,5,54.3,T4 ,FALSE,,FALSE,,5,FALSE
Mazda ,MX-5 NC (Factory Automatic),,2006,2006,2527,166,140,157.3,16.1,43.7,70,5,48.7,T4 ,FALSE,,FALSE,,5,FALSE
Mercedes-Benz,190E,,1990,1993,2987,130,146,135.3,22.1,18.2,60,0,18.2,T5 ,FALSE,,FALSE,,0,FALSE
Mercedes-Benz,CLA45S AMG,,2024,2024,3660,416,369,400.3,9.1,73.1,85,12.5,85.6,T2,FALSE,,FALSE,,12.5,FALSE
Mercedes-Benz,GTR Pro,,2020,,3650,577,516,556.7,6.6,84.1,115,27.5,111.6,T1 ,FALSE,,FALSE,,27.5,FALSE
Mercedes-Benz Benz,e500 Wagon,,2006,2006,4231,302,339,314.3,13.5,54.8,60,0,54.8,T4 ,FALSE,,FALSE,,0,FALSE
Mercedes-Benz-Benz,CLK 55 AMG,,2002,2002,3500,345,376,355.3,9.8,70.1,70,5,75.1,T2,FALSE,,FALSE,,5,FALSE
Mercedes-Benz-Benz,SLS AMG,,2011,,3600,363,480,402,9,73.9,85,12.5,86.4,T2,FALSE,,FALSE,,12.5,FALSE
MG,Midget,,1971,1971,1701,54,67,58.3,29.2,-11.9,45,-7.5,-19.4,T5 ,FALSE,,FALSE,,-7.5,FALSE
MINI,Cooper,,2001,2006,2519,115,111,113.7,22.2,17.8,65,2.5,20.3,T5 ,FALSE,,FALSE,,2.5,FALSE
MINI,Cooper,,2006,,2568,118,114,116.7,22,18.5,65,2.5,21,T5 ,FALSE,,FALSE,,2.5,FALSE
MINI,Cooper S,,2005,2005,2678,168,162,166,16.1,43.4,70,5,48.4,T4 ,FALSE,,FALSE,,5,FALSE
MINI,Cooper S,,2006,,2679,172,177,173.7,15.4,46.4,70,5,51.4,T4 ,FALSE,,FALSE,,5,FALSE
Mini,Cooper S JCW,,2004,,2678,200,177,192.3,13.9,52.8,70,5,57.8,T4 ,FALSE,,FALSE,,5,FALSE
Mini,JCW GP,,2013,2013,2624,211,207,209.7,12.5,58.8,80,10,68.8,T3,FALSE,,FALSE,,10,FALSE
Mitsubishi,Eclipse GST,,1995,1999,2767,210,214,211.3,13.1,56.4,50,-5,51.4,T4 ,FALSE,,FALSE,,-5,FALSE
Mitsubishi,Eclipse GSX,,1995,1999,3157,210,214,211.3,14.9,48.5,65,2.5,51,T4 ,FALSE,,FALSE,,2.5,FALSE
Mitsubishi,Eclipse GT,,2000,2005,3053,200,205,201.7,15.1,47.7,55,-2.5,45.2,T4 ,FALSE,,FALSE,,-2.5,FALSE
Mitsubishi,Eclipse GT-6,,2006,2006,3472,263,260,262,13.3,55.7,55,-2.5,53.2,T4 ,FALSE,,FALSE,,-2.5,FALSE
Mitsubishi,Galant VR4,,1992,1996,3200,237,228,234,13.7,53.9,50,-5,48.9,T4 ,FALSE,,FALSE,,-5,FALSE
Mitsubishi,Galant VR4,,1996,2003,3400,276,271,274.3,12.4,59.3,55,-2.5,56.8,T4 ,FALSE,,FALSE,,-2.5,FALSE
Mitsubishi,Lancer Evo I,,1992,1993,2730,244,228,238.7,11.4,63.4,65,2.5,65.9,T3,FALSE,,FALSE,,2.5,FALSE
Mitsubishi,Lancer Evo II,,1994,1995,2756,260,228,249.3,11.1,65,70,5,70,T3,FALSE,,FALSE,,5,FALSE
Mitsubishi,Lancer Evo IX,,2005,2007,3285,286,289,287,11.4,63.4,80,10,73.4,T3,FALSE,,FALSE,,10,FALSE
Mitsubishi,Lancer Evo VII,,2001,2003,3086,280,283,281,11,65.3,75,7.5,72.8,T3,FALSE,,FALSE,,7.5,FALSE
Mitsubishi,Lancer Evo VIII,,2003,2005,3241,271,273,271.7,11.9,61.3,80,10,71.3,T3,FALSE,,FALSE,,10,FALSE
Mitsubishi,Lander Evo X,,2008,,3527,295,311,300.3,11.7,62.1,85,12.5,74.6,T3,FALSE,,FALSE,,12.5,FALSE
Nissan,200SX SE,,1995,1995,2366,115,108,112.7,21,22.8,45,-7.5,15.3,T5 ,FALSE,,FALSE,,-7.5,FALSE
Nissan,200SX SE,,1996,1997,2348,115,108,112.7,20.8,23.4,45,-7.5,15.9,T5 ,FALSE,,FALSE,,-7.5,FALSE
Nissan,200SX SE,,1998,1998,2418,115,108,112.7,21.5,20.8,45,-7.5,13.3,T5 ,FALSE,,FALSE,,-7.5,FALSE
Nissan,200SX SE-R,,1995,1995,2535,140,132,137.3,18.5,33.6,50,-5,28.6,T5 ,FALSE,,FALSE,,-5,FALSE
Nissan,200SX SE-R,,1996,1997,2491,140,132,137.3,18.1,34.9,50,-5,29.9,T5 ,FALSE,,FALSE,,-5,FALSE
Nissan,200SX SE-R,,1998,1998,2586,140,132,137.3,18.8,32,50,-5,27,T5 ,FALSE,,FALSE,,-5,FALSE
Nissan,240SX,,1989,1994,2698,155,160,156.7,17.2,38.8,55,-2.5,36.3,T5 ,FALSE,,FALSE,,-2.5,FALSE
Nissan,240SX,,1995,1999,2762,155,160,156.7,17.6,37.1,60,0,37.1,T5 ,FALSE,,FALSE,,0,FALSE
Nissan,350Z,,2003,2005,3247,287,274,282.7,11.5,63.2,75,7.5,70.7,T3,FALSE,,FALSE,,7.5,FALSE
Nissan,350Z,,2006,2006,3339,300,260,286.7,11.6,62.5,75,7.5,70,T3,FALSE,,FALSE,,7.5,FALSE
Nissan,350Z Nismo,,2007,2008,3353,306,268,293.3,11.4,63.4,75,7.5,70.9,T3,FALSE,,FALSE,,7.5,FALSE
Nissan,370Z Coupe,,2009,2011,3272,332,270,311.3,10.5,67.3,75,7.5,74.8,T3,FALSE,,FALSE,,7.5,FALSE
Nissan,370Z Nismo,,2009,2014,3340,350,276,325.3,10.3,68.4,75,7.5,75.9,T2,FALSE,,FALSE,,7.5,FALSE
Nissan,400Z,,2023,,3400,400,350,383.3,8.9,74.3,80,10,84.3,T2,FALSE,,FALSE,,10,FALSE
Nissan,GT-R,,2007,2010,3800,480,433,464.3,8.2,77.2,111,25.5,102.7,T1 ,FALSE,,FALSE,,25.5,FALSE
Nissan,GT-R,,2007,2010,3800,478,434,463.3,8.2,77.1,105,22.5,99.6,T1 ,FALSE,,FALSE,,22.5,FALSE
Nissan,GT-R,,2011,2012,3829,530,448,502.7,7.6,79.6,111,25.5,105.1,T1 ,FALSE,,FALSE,,25.5,FALSE
Nissan,GT-R,,2013,2019,3829,545,463,517.7,7.4,80.6,111,25.5,106.1,T1 ,FALSE,,FALSE,,25.5,FALSE
Nissan,GT-R NISMO,,2015,2019,3851,595,481,557,6.9,82.6,117,28.5,111.1,T1 ,FALSE,,FALSE,,28.5,FALSE
Nissan,Juke,,2011,,2912,188,177,184.3,15.8,44.9,50,-5,39.9,T5 ,FALSE,,FALSE,,-5,FALSE
Nissan,Sentra SE,,2000,2006,2544,145,136,142,17.9,35.9,45,-7.5,28.4,T5 ,FALSE,,FALSE,,-7.5,FALSE
Nissan,Sentra SE-R,,1991,1994,2469,138,132,136,18.2,34.8,50,-5,29.8,T5 ,FALSE,,FALSE,,-5,FALSE
Nissan,Sentra SE-R,,2000,2006,2746,165,175,168.3,16.3,42.7,60,0,42.7,T5 ,FALSE,,FALSE,,0,FALSE
Nissan,Sentra XE,,1991,1994,2386,115,108,112.7,21.2,22,45,-7.5,14.5,T5 ,FALSE,,FALSE,,-7.5,FALSE
Nissan,Skyline GT-R (R32),,1989,1991,3152,276,266,272.7,11.6,62.9,70,5,67.9,T3,FALSE,,FALSE,,5,FALSE
Nissan,Skyline GT-R (R33),,1993,1998,3373,276,266,272.7,12.4,59.4,75,7.5,66.9,T3,FALSE,,FALSE,,7.5,FALSE
Nissan,Skyline GT-R (R34),,1999,2002,3386,276,266,272.7,12.4,59.2,85,12.5,71.7,T3,FALSE,,FALSE,,12.5,FALSE
Pontiac,Fiero GT,,1988,1988,2790,135,160,143.3,19.5,29.3,50,-5,24.3,T5 ,FALSE,,FALSE,,-5,FALSE
Pontiac,Firebird TransAm,,1996,1996,3477,305,335,315,11,65.1,60,0,65.1,T3,FALSE,,FALSE,,0,FALSE
Pontiac,Firebird TransAm,,2002,2002,3396,310,340,320,10.6,66.9,65,2.5,69.4,T3,FALSE,,FALSE,,2.5,FALSE
Pontiac,Firebird TransAm TTA,,1989,1989,3400,250,340,280,12.1,60.4,50,-5,55.4,T4 ,FALSE,,FALSE,,-5,FALSE
Pontiac,GTO,,2004,2004,3725,350,365,355,10.5,67.4,60,0,67.4,T3,FALSE,,FALSE,,0,FALSE
Pontiac,GTO,,2005,2006,3725,400,400,400,9.3,72.4,60,0,72.4,T3,FALSE,,FALSE,,0,FALSE
Pontiac,Solstice (also Saturn Sky),,2006,2010,2877,177,166,173.3,16.6,41.5,70,5,46.5,T4 ,FALSE,,FALSE,,5,FALSE
Pontiac,Solstice GXP (Saturn Redline),,2007,2010,3031,260,260,260,11.7,62.5,70,5,67.5,T3,FALSE,,FALSE,,5,FALSE
Porsche,912,,1967,1967,2315,86,98,90,25.7,2.7,40,-10,-7.3,T5 ,FALSE,,FALSE,,-10,FALSE
Porsche,930,,1983,1983,2668,300,304,301.3,8.9,74.4,70,5,79.4,T2,,,,,,
Porsche,944,,1982,1987,2790,143,137,141,19.8,27.9,65,2.5,30.4,T5 ,FALSE,,FALSE,,2.5,FALSE
Porsche,718 Cayman /T (982),,2017,,2943,300,280,293.3,10,69.4,80,10,79.4,T2,FALSE,,FALSE,,10,FALSE
Porsche,718 Cayman S/GTS (982),,2017,,2987,350,309,336.3,8.9,74.3,80,10,84.3,T2,FALSE,,FALSE,,10,FALSE
Porsche,718 GT4 RS,,2025,2025,3227,493,331,439,7.4,80.8,95,17.5,98.3,T1 ,,,,,,
Porsche,911 (964),,1989,1994,3031,247,228,240.7,12.6,58.5,70,5,63.5,T3,FALSE,,FALSE,,5,FALSE
Porsche,911 (993),,1995,1998,3020,272,243,262.3,11.5,63.1,75,7.5,70.6,T3,FALSE,,FALSE,,7.5,FALSE
Porsche,911 3.2L,,1986,1989,2756,214,195,207.7,13.3,55.6,65,2.5,58.1,T4 ,FALSE,,FALSE,,2.5,FALSE
Porsche,911 Carrera (996),,1999,1999,2910,296,258,283.3,10.3,68.4,80,10,78.4,T2,FALSE,,FALSE,,10,FALSE
Porsche,911 Carrera 2 (996),,2002,2002,3098,320,273,304.3,10.2,68.7,80,10,78.7,T2,FALSE,,FALSE,,10,FALSE
Porsche,911 Carrera 3.6L (996),,2005,2005,3075,325,273,307.7,10,69.5,80,10,79.5,T2,FALSE,,FALSE,,10,FALSE
Porsche,911 Carrera C4S,,2020,,3373,443,390,425.3,7.9,78.3,115,27.5,105.8,T1 ,FALSE,,FALSE,,27.5,FALSE
Porsche,911 Carrera S,,2012.5,,3075,400,325,375,8.2,77.2,85,12.5,89.7,T2,FALSE,,FALSE,,12.5,FALSE
Porsche,911 Carrera S (997),,2009,2009,3150,385,310,360,8.8,74.8,80,10,84.8,T2,FALSE,,FALSE,,10,FALSE
Porsche,911 Carrera S 3.8L (996),,2005,2005,3131,355,295,335,9.3,72.3,80,10,82.3,T2,FALSE,,FALSE,,10,FALSE
Porsche,911 GT2 (996),,2002,2004,3175,456,457,456.3,7,82.4,85,12.5,94.9,T1 ,FALSE,,FALSE,,12.5,FALSE
Porsche,911 GT2 (997),,2008,2009,3175,530,505,521.7,6.1,86.1,85,12.5,98.6,T1 ,FALSE,,FALSE,,12.5,FALSE
Porsche,911 GT2 (997),,2011,2011,3075,620,516,585.3,5.3,89.7,90,15,104.7,T1 ,FALSE,,FALSE,,15,FALSE
Porsche,911 GT3,,2015,,3153,475,324,424.7,7.4,80.4,105,22.5,102.9,T1 ,FALSE,,FALSE,,22.5,FALSE
Porsche,911 GT3 (996),,2004,2004,3043,380,284,348,8.7,74.8,85,12.5,87.3,T2,FALSE,,FALSE,,12.5,FALSE
Porsche,911 GT3 (997),,2007,2007,3076,415,300,376.7,8.2,77.3,90,15,92.3,T2,FALSE,,FALSE,,15,FALSE
Porsche,911 GT3RS (997),,2010,2011,3020,450,317,405.7,7.4,80.4,95,17.5,97.9,T1 ,FALSE,,FALSE,,17.5,FALSE
Porsche,911 GTS,,2012,2012,3430,408,310,375.3,9.1,73.2,90,15,88.2,T2,FALSE,,FALSE,,15,FALSE
Porsche,911 Turbo (930),,1986,1989,2976,282,289,284.3,10.5,67.5,70,5,72.5,T3,FALSE,,FALSE,,5,FALSE
Porsche,911 Turbo (965),,1989,1994,3274,315,332,320.7,10.2,68.6,75,7.5,76.1,T2,FALSE,,FALSE,,7.5,FALSE
Porsche,911 Turbo (993),,1996,1997,3307,408,398,404.7,8.2,77.3,80,10,87.3,T2,FALSE,,FALSE,,10,FALSE
Porsche,911 Turbo (996),,2002,2002,3388,415,415,415,8.2,77.3,85,12.5,89.8,T2,FALSE,,FALSE,,12.5,FALSE
Porsche,911 Turbo (997),,2007,2007,3495,480,460,473.3,7.4,80.6,85,12.5,93.1,T2,FALSE,,FALSE,,12.5,FALSE
Porsche,914-6 GT,,1973,1973,2200,130,131,130.3,16.9,40.3,70,5,45.3,T4 ,FALSE,,FALSE,,5,FALSE
Porsche,924 S,,1988,1988,2734,160,155,158.3,17.3,38.6,55,-2.5,36.1,T5 ,FALSE,,FALSE,,-2.5,FALSE
Porsche,928 GT,,1990,1991,3505,330,317,325.7,10.8,66.3,60,0,66.3,T3,FALSE,,FALSE,,0,FALSE
Porsche,928 GTS,,1993,1995,3593,350,369,356.3,10.1,69.1,60,0,69.1,T3,FALSE,,FALSE,,0,FALSE
Porsche,944 S2,,1989,1991,2998,208,207,207.7,14.4,50.6,65,2.5,53.1,T4 ,FALSE,,FALSE,,2.5,FALSE
Porsche,944 Turbo,,1986,1988,2998,220,243,227.7,13.2,56,65,2.5,58.5,T4 ,FALSE,,FALSE,,2.5,FALSE
Porsche,944 Turbo,,1989,1989,2998,250,258,252.7,11.9,61.6,65,2.5,64.1,T3,FALSE,,FALSE,,2.5,FALSE
Porsche,Boxster,,1997,1999,2822,201,181,194.3,14.5,50.3,70,5,55.3,T4 ,FALSE,,FALSE,,5,FALSE
Porsche,Boxster,,2000,2002,2778,217,192,208.7,13.3,55.4,70,5,60.4,T3,FALSE,,FALSE,,5,FALSE
Porsche,Boxster,,2003,2004,2778,228,192,216,12.9,57.3,75,7.5,64.8,T3,FALSE,,FALSE,,7.5,FALSE
Porsche,Boxster,,2005,2006,2855,240,199,226.3,12.6,58.4,75,7.5,65.9,T3,FALSE,,FALSE,,7.5,FALSE
Porsche,Boxster,,2007,2008,2855,245,201,230.3,12.4,59.3,75,7.5,66.8,T3,FALSE,,FALSE,,7.5,FALSE
Porsche,Boxster,,2009,2011,2943,255,214,241.3,12.2,60.2,75,7.5,67.7,T3,FALSE,,FALSE,,7.5,FALSE
Porsche,Boxster S,,2000,2002,2855,250,225,241.7,11.8,61.8,75,7.5,69.3,T3,FALSE,,FALSE,,7.5,FALSE
Porsche,Boxster S,,2003,2004,2999,258,229,248.3,12.1,60.7,80,10,70.7,T3,FALSE,,FALSE,,10,FALSE
Porsche,Boxster S,,2005,2006,2965,280,236,265.3,11.2,64.5,80,10,74.5,T3,FALSE,,FALSE,,10,FALSE
Porsche,Boxster S,,2007,2008,2965,295,251,280.3,10.6,67,80,10,77,T2,FALSE,,FALSE,,10,FALSE
Porsche,Boxster S,,2009,2011,2987,310,265,295,10.1,69,80,10,79,T2,FALSE,,FALSE,,10,FALSE
Porsche,Carrera (997),,2005,2008,3075,325,273,307.7,10,69.5,80,10,79.5,T2,FALSE,,FALSE,,10,FALSE
Porsche,Carrera GT,,2004,2007,3000,612,435,553,5.4,88.9,90,15,103.9,T1 ,FALSE,,FALSE,,15,FALSE
Porsche,Cayenne GTS,,2013,2014,4597,420,380,406.7,11.3,64,55,-2.5,61.5,T3,FALSE,,FALSE,,-2.5,FALSE
Porsche,Cayenne Turbo,,2003,2006,5200,450,460,453.3,11.5,63.3,50,-5,58.3,T4 ,FALSE,,FALSE,,-5,FALSE
Porsche,Cayman (981),,2014,2016,2888,275,213,254.3,11.4,63.7,80,10,73.7,T3,FALSE,,FALSE,,10,FALSE
Porsche,Cayman (987.1),,2006,2008,2866,245,201,230.3,12.4,59.1,80,10,69.1,T3,FALSE,,FALSE,,10,FALSE
Porsche,Cayman (987.2),,2009,2012,2932,265,221,250.3,11.7,62.2,80,10,72.2,T3,FALSE,,FALSE,,10,FALSE
Porsche,Cayman GT4 (918),,2015,2016,2955,385,309,359.7,8.2,77.1,90,15,92.1,T2,FALSE,,FALSE,,15,FALSE
Porsche,Cayman GTS,,2018,,3031,365,309,346.3,8.8,74.8,80,10,84.8,T2,FALSE,,FALSE,,10,FALSE
Porsche,Cayman S (987.1),,2006,2008,2954,295,251,280.3,10.5,67.2,80,10,77.2,T2,FALSE,,FALSE,,10,FALSE
Porsche,Cayman S/GTS (981),,2014,2016,2910,325,273,307.7,9.5,71.8,80,10,81.8,T2,FALSE,,FALSE,,10,FALSE
Porsche,Cayman S/R (987.2),,2009,2012,2976,320,273,304.3,9.8,70.4,80,10,80.4,T2,FALSE,,FALSE,,10,FALSE
Porsche,Panamera Turbo,,2010,2016,4343,500,516,505.3,8.6,75.5,75,7.5,83,T2,FALSE,,FALSE,,7.5,FALSE
Saab,900 Turbo,,1990,1993,2967,175,195,181.7,16.3,42.6,55,-2.5,40.1,T5 ,FALSE,,FALSE,,-2.5,FALSE
Saab,9000 Aero,,1993,1997,3250,225,258,236,13.8,53.5,55,-2.5,51,T4 ,FALSE,,FALSE,,-2.5,FALSE
Saab,9-3 Vector,,2002,2003,3285,210,221,213.7,15.4,46.7,50,-5,41.7,T5 ,FALSE,,FALSE,,-5,FALSE
Saab,9-3 Viggen,,1999,2002,2987,230,258,239.3,12.5,59,60,0,59,T4 ,FALSE,,FALSE,,0,FALSE
Saab,9-5 Aero,,2000,2002,3470,250,258,252.7,13.7,53.6,55,-2.5,51.1,T4 ,FALSE,,FALSE,,-2.5,FALSE
Saab,9-5 SE,,1999,2003,3280,170,207,182.3,18,35.5,50,-5,30.5,T5 ,FALSE,,FALSE,,-5,FALSE
Saleen,S7,,2000,2004,2750,500,525,508.3,5.4,89,95,17.5,106.5,T1 ,FALSE,,FALSE,,17.5,FALSE
Saleen,S7 Twin Turbo,,2005,2009,2950,750,700,733.3,4,94.9,95,17.5,112.4,T1 ,FALSE,,FALSE,,17.5,FALSE
Scion,FR-S,,2013,2016,2758,200,151,183.7,15,48.2,70,5,55.1,T4 ,FALSE,,FALSE,,5,FALSE
Scion,tC,,2005,2010,2970,160,163,161,18.4,33.6,60,0,33.6,T5 ,FALSE,,FALSE,,0,FALSE
Smart,Fortwo,,2007,,1808,70,68,69.3,26.1,1.2,40,-10,-8.8,T5 ,FALSE,,FALSE,,-10,FALSE
Subaru,BRZ,,2013,2017,2760,200,151,183.7,15,48.1,75,7.5,55.6,T4 ,FALSE,,FALSE,,7.5,FALSE
Subaru,BRZ,,2017,2020,2777,205,156,188.7,14.7,49.4,75,7.5,56.9,T4 ,FALSE,,FALSE,,7.5,FALSE
Subaru,BRZ,,2022,,2815,228,184,213.3,13.2,55.9,78,9,64.9,T3,FALSE,,FALSE,,9,FALSE
Subaru,BRZ Performance Pack,,2017,2020,2777,205,156,188.7,14.7,49.4,78,9,58.4,T4 ,FALSE,,FALSE,,9,FALSE
Subaru,Forester,,1998,1998,3040,165,162,164,18.5,33.2,35,-12.5,20.7,T5 ,FALSE,,FALSE,,-12.5,FALSE
Subaru,Forester 2.5 XT,,2004,2005,3270,210,235,218.3,15,48.3,50,-5,43.3,T5 ,FALSE,,FALSE,,-5,FALSE
Subaru,Impreza 2.5 RS,,2000,2001,2845,165,162,164,17.3,38.3,60,0,38.3,T5 ,FALSE,,FALSE,,0,FALSE
Subaru,Impreza L,,1998,,2795,137,145,139.7,20,26.9,50,-5,21.9,T5 ,FALSE,,FALSE,,-5,FALSE
Subaru,Impreza Sport,,2017,,3015,152,145,149.7,20.1,26.4,60,0,26.4,T5 ,FALSE,,FALSE,,0,FALSE
Subaru,Impreza WRX,,2002,2005,3085,227,217,223.7,13.8,53.4,60,0,53.4,T4 ,FALSE,,FALSE,,0,FALSE
Subaru,Impreza WRX,,2008,2008,3142,224,226,224.7,14,52.6,60,0,52.6,T4 ,FALSE,,FALSE,,0,FALSE
Subaru,Impreza WRX,,2011,2014,3208,265,244,258,12.4,59.2,65,2.5,61.7,T3,FALSE,,FALSE,,2.5,FALSE
Subaru,Impreza WRX,,2015,2021,3364,268,258,264.7,12.7,58,70,5,63,T3,FALSE,,FALSE,,5,FALSE
Subaru,Impreza WRX,,2022,,3525,271,258,266.7,13.2,55.8,72.5,6.3,62.1,T3,FALSE,,FALSE,,6.3,FALSE
Subaru,Impreza WRX STi,,2004,2004,3263,300,300,300,10.9,65.8,80,10,75.8,T2,FALSE,,FALSE,,10,FALSE
Subaru,Impreza WRX Sti,,2005,2005,3298,300,300,300,11,65.3,80,10,75.3,T2,FALSE,,FALSE,,10,FALSE
Subaru,Impreza WRX Sti,,2006,2006,3351,300,300,300,11.2,64.5,80,10,74.5,T3,FALSE,,FALSE,,10,FALSE
Subaru,Impreza WRX STi,,2008,2014,3384,305,290,300,11.3,64.1,80,10,74.1,T3,FALSE,,FALSE,,10,FALSE
Subaru,Impreza WRX STi,,2015,2018,3386,305,290,300,11.3,64,80,10,74,T3,FALSE,,FALSE,,10,FALSE
Subaru,Legacy 2.5 GT,,1994,1999,3130,165,162,164,19.1,30.9,50,-5,25.9,T5 ,FALSE,,FALSE,,-5,FALSE
Subaru,Legacy 2.5 GT Spec B,,2006,2006,3400,250,250,250,13.6,54.2,55,-2.5,51.7,T4 ,FALSE,,FALSE,,-2.5,FALSE
Tesla,Model 3 Long Range AWD,,2018,2018,4072,346,376,356,11.4,63.4,70,5,68.4,T3,,,,,,
Tesla,Model 3 Long Range RWD,,2018,,3838,271,307,283,13.6,54.4,65,2.5,56.9,T4 ,FALSE,,FALSE,,2.5,FALSE
Tesla,Roadster Sport 2.5,,2008,2012,2723,288,295,290.3,9.4,72.1,75,7.5,79.6,T2,FALSE,,FALSE,,7.5,FALSE
Toyota,86,,2017,2020,2777,205,156,188.7,14.7,49.4,75,7.5,56.9,T4 ,FALSE,,FALSE,,7.5,FALSE
Toyota,86,,2022,,2815,228,184,213.3,13.2,55.9,78,9,64.9,T3,FALSE,,FALSE,,9,FALSE
Toyota, Corolla Hybrid XLE,,2023,2023,2850,134,156,141.3,20.2,26.3,55,-2.5,23.8,T5 ,FALSE,,FALSE,,-2.5,FALSE
Toyota,86 Spec Ed ( perf pack),,2017,2020,2777,205,156,188.7,14.7,49.4,78,9,58.4,T4 ,FALSE,,FALSE,,9,FALSE
Toyota,Celica GT-S,,1985,1989,2703,135,125,131.7,20.5,24.8,50,-5,19.8,T5 ,FALSE,,FALSE,,-5,FALSE
Toyota,Corolla GT-S (AE86),,1987,1987,2200,112,97,107,20.6,24.6,40,-10,14.6,T5 ,FALSE,,FALSE,,-10,FALSE
Toyota,Matrix,,2010,,2865,132,128,130.7,21.9,18.8,50,-5,13.8,T5 ,FALSE,,FALSE,,-5,FALSE
Toyota,Matrix S,,2010,,3360,158,162,159.3,21.1,22.4,50,-5,17.4,T5 ,FALSE,,FALSE,,-5,FALSE
Toyota,Matrix XRS,,2010,,3220,158,162,159.3,20.2,26.1,50,-5,21.1,T5 ,FALSE,,FALSE,,-5,FALSE
Toyota,MR2,,1990,1999,2599,135,145,138.3,18.8,32.2,60,0,32.2,T5 ,FALSE,,FALSE,,0,FALSE
Toyota,MR2 N/A,,1987,1989,2350,115,110,113.3,20.7,23.9,55,-2.5,21.4,T5 ,FALSE,,FALSE,,-2.5,FALSE
Toyota,MR2 Supercharged,,1988,1988,2494,145,140,143.3,17.4,38.1,55,-2.5,35.6,T5 ,FALSE,,FALSE,,-2.5,FALSE
Toyota,MR2 Sypder,,2000,2007,2195,138,125,133.7,16.4,42.2,70,5,47.2,T4 ,FALSE,,FALSE,,5,FALSE
Toyota,MR2 Turbo,,1990,1999,2782,200,200,200,13.9,52.9,60,0,52.9,T4 ,FALSE,,FALSE,,0,FALSE
Toyota,Supra 2.0,,2021,,3181,255,295,268.3,11.9,61.6,85,12.5,74.1,T3,FALSE,,FALSE,,12.5,FALSE
Toyota ,Supra 3.0,,2020,,3397,335,365,345,9.8,70.2,85,12.5,82.7,T2,FALSE,,FALSE,,12.5,FALSE
Toyota ,Supra 3.0,,2021,,3400,382,368,377.3,9,73.7,85,12.5,86.2,T2,FALSE,,FALSE,,12.5,FALSE
Triumph,TR4,,1961,1965,2130,100,127,109,19.5,28.9,30,-15,13.9,T5 ,FALSE,,FALSE,,-15,FALSE
Triumph,TR6,,1969,1976,2491,106,133,115,21.7,19.9,25,-17.5,2.4,T5 ,FALSE,,FALSE,,-17.5,FALSE
Triumph,TR7 Convertible,,1979,1979,2469,85,101,90.3,27.3,-4.2,40,-10,-14.2,T5 ,FALSE,,FALSE,,-10,FALSE
Triumph,TR7/8 Convertible,,1979,1980,2654,137,165,146.3,18.1,34.9,45,-7.5,27.4,T5 ,FALSE,,FALSE,,-7.5,FALSE
Ultima,GTR,,2006,,2183,534,528,532,4.1,94.6,115,27.5,122.1,#REF!,FALSE,,FALSE,,27.5,FALSE
Ultima,GTR720,,2006,,2183,720,580,673.3,3.2,98.2,115,27.5,125.7,#REF!,FALSE,,FALSE,,27.5,FALSE
Volkswagon,Golf GTI,,1998,1998,2565,115,122,117.3,21.9,19.1,50,-5,14.1,T5 ,FALSE,,FALSE,,-5,FALSE
Volkswagon,Golf GTI 1.8T,,2000,2000,2906,150,155,151.7,19.2,30.6,55,-2.5,28.1,T5 ,FALSE,,FALSE,,-2.5,FALSE
Volkswagon,Golf GTI 1.8T,,2002,2002,2935,180,174,178,16.5,41.9,55,-2.5,39.4,T5 ,FALSE,,FALSE,,-2.5,FALSE
Volkswagon,Golf R,,2015,,3340,292,280,288,11.6,62.7,75,7.5,70.2,T3,FALSE,,FALSE,,7.5,FALSE
Volkswagon,Golf R32,,2004,2004,3256,241,236,239.3,13.6,54.2,70,5,59.2,T4 ,FALSE,,FALSE,,5,FALSE
Volkswagon,Golf R32,,2008,2008,3547,250,236,245.3,14.5,50.6,75,7.5,58.1,T4 ,FALSE,,FALSE,,7.5,FALSE
Volkswagon,GTI Coupe,,2007,2009,3161,200,207,202.3,15.6,45.6,60,0,45.6,T4 ,FALSE,,FALSE,,0,FALSE
Volkswagon,Jetta 2.0T,,2006,2006,3259,200,207,202.3,16.1,43.5,55,-2.5,41,T5 ,FALSE,,FALSE,,-2.5,FALSE
Volkswagon,Jetta 2.5L,,2005,2005,3230,150,170,156.7,20.6,24.4,55,-2.5,21.9,T5 ,FALSE,,FALSE,,-2.5,FALSE
Volkswagon,Jetta SE,,2011,,3018,170,177,172.3,17.5,37.6,55,-2.5,35.1,T5 ,FALSE,,FALSE,,-2.5,FALSE
Volkswagon,Jetta VR6 GLS,,2002,2002,3113,174,181,176.3,17.7,37,50,-5,32,T5 ,FALSE,,FALSE,,-5,FALSE
Volkswagon,New Beetle GLS 1.8T,,2000,2000,2875,150,162,154,18.7,32.7,55,-2.5,30.2,T5 ,FALSE,,FALSE,,-2.5,FALSE
Volkswagon,Rabbit 2.5L Coupe,,2007,2007,3072,150,170,156.7,19.6,28.7,55,-2.5,26.2,T5 ,FALSE,,FALSE,,-2.5,FALSE
Volkswagon,Rabbit GTI,,1984,1984,1990,90,100,93.3,21.3,21.4,40,-10,11.4,T5 ,FALSE,,FALSE,,-10,FALSE
Volkswagon,Scirocco 16V,,1984,1984,2530,123,120,122,20.7,23.9,40,-10,13.9,T5 ,FALSE,,FALSE,,-10,FALSE
Volkswagon ,Mk7 GTI,,2015,2021,3116,220,258,232.7,13.4,55.1,70,5,60.1,T3,FALSE,,FALSE,,5,FALSE
Volkswagon,Golf TDI,,1991,1999,2450,108,173,129.7,18.9,31.7,50,-5,26.7,T5 ,FALSE,,FALSE,,-5,FALSE
Volkswagon,Jetta GLI-S,,2019,,3217,228,258,238,13.5,54.6,70,5,59.6,T4 ,FALSE,,FALSE,,5,FALSE
Volkswagon,Mk6 Golf GTI,,2010,2014,3100,200,207,202.3,15.3,46.9,65,2.5,49.4,T4 ,FALSE,,FALSE,,2.5,FALSE
Volkswagon,Mk7 GTI-S,,2015,,3116,220,258,232.7,13.4,55.1,70,5,60.1,T3,FALSE,,FALSE,,5,FALSE
Volkswagon,Mk8 Golf R,,2022,2024,3360,315,310,313.3,10.7,66.4,80,10,76.4,T2,FALSE,,FALSE,,10,FALSE
Volvo,V60 Polestar,,2017,,3966,362,347,357,11.1,64.8,75,7.5,72.3,T3,FALSE,,FALSE,,7.5,FALSE
Volvo,V70R,,2007,2007,3689,300,295,298.3,12.4,59.4,50,-5,54.4,T4 ,,,,,,
,,,,,,,,,,,,,,,FALSE,,FALSE,,,FALSE
,,,,,,,,,,,,,,,FALSE,,FALSE,,,FALSE
,,,,,,,,,,,,,,,FALSE,,FALSE,,,FALSE
,,,,,,,,,,,,,,,FALSE,,FALSE,,,FALSE
,,,,,,,,,,,,,,,FALSE,,FALSE,,,FALSE
,,,,,,,,,,,,,,,FALSE,,FALSE,,,FALSE
,,,,,,,,,,,,,,,FALSE,,FALSE,,,FALSE
,,,,,,,,,,,,,,,FALSE,,FALSE,,,FALSE
,,,,,,,,,,,,,,,FALSE,,FALSE,,,FALSE
,,,,,,,,,,,,,,,FALSE,,FALSE,,,FALSE
,,,,,,,,,,,,,,,FALSE,,FALSE,,,FALSE
,,,,,,,,,,,,,,,FALSE,,FALSE,,,FALSE
,,,,,,,,,,,,,,,FALSE,,FALSE,,,FALSE
,,,,,,,,,,,,,,,FALSE,,FALSE,,,FALSE
,,,,,,,,,,,,,,,FALSE,,FALSE,,,FALSE
,,,,,,,,,,,,,,,FALSE,,FALSE,,,FALSE
,,,,,,,,,,,,,,,FALSE,,FALSE,,,FALSE
,,,,,,,,,,,,,,,FALSE,,FALSE,,,FALSE
,,,,,,,,,,,,,,,FALSE,,FALSE,,,FALSE
,,,,,,,,,,,,,,,FALSE,,FALSE,,,FALSE
,,,,,,,,,,,,,,,FALSE,,FALSE,,,FALSE
,,,,,,,,,,,,,,,FALSE,,FALSE,,,FALSE
,,,,,`,,,,,,,,,,FALSE,,FALSE,,,FALSE
